incident_severity,insured_hobbies,months_as_customer,injury_claim,capital-loss,capital-gains,insured_education_level,incident_city,incident_state,insured_relationship,authorities_contacted,witnesses,umbrella_limit,policy_csl,bodily_injuries,fraud_reported
0,17,328,6510,0,53300,4,1,4,0,3,2,0,1,1,1
1,15,228,780,0,0,4,5,5,2,3,0,5000000,1,0,1
1,2,134,7700,0,35100,6,1,1,3,3,3,5000000,0,2,0
0,2,256,6340,-62400,48900,6,0,2,4,3,2,6000000,1,1,1
0,3,256,6410,0,0,6,0,4,4,1,2,0,1,0,1
1,2,137,21450,-77000,0,6,6,1,0,3,0,0,1,0,0
2,0,165,9380,0,0,0,1,5,4,3,2,0,0,2,0
2,9,27,2770,0,0,6,0,6,3,3,1,0,0,1,0
2,4,212,4700,-39300,0,6,2,0,5,2,1,0,0,2,0
2,7,235,7910,0,38400,5,3,1,2,3,2,4000000,0,2,0
0,16,447,17680,-51000,0,2,6,4,2,1,2,0,0,1,0
2,15,60,4710,0,0,4,3,4,5,0,0,3000000,2,1,0
2,2,180,4200,-55500,41300,1,6,4,1,3,2,0,1,0,1
0,12,473,10520,0,55700,4,2,6,2,2,0,0,0,0,1
0,10,70,5790,0,63600,1,5,1,3,2,2,5000000,2,1,0
2,15,140,14160,0,53500,2,3,6,4,3,2,6000000,2,0,0
2,19,160,6630,-37800,45500,4,4,1,2,2,0,0,2,1,0
0,4,196,6040,-27300,57000,2,1,5,3,3,0,0,2,2,0
1,3,460,0,0,0,3,1,1,3,3,0,4000000,1,1,0
2,16,217,0,0,46700,0,0,4,3,3,2,0,2,1,0
0,13,370,17880,-68200,72700,2,2,4,2,0,0,0,0,0,1
2,5,413,8180,-31000,0,4,3,6,3,0,2,0,0,2,1
1,11,237,7080,-53500,0,1,5,5,0,2,3,0,0,1,0
0,14,8,16500,0,0,5,0,2,3,2,3,0,0,1,1
1,9,257,1640,-29200,0,2,0,3,3,3,3,0,0,1,0
1,11,224,7760,-55600,0,3,3,4,1,2,0,0,0,1,0
1,1,241,14100,0,0,6,4,4,4,3,2,0,2,2,0
0,18,64,12600,0,53200,5,1,4,0,0,0,0,1,0,0
0,15,166,7460,0,27500,3,5,6,0,3,2,8000000,0,2,1
2,19,155,3310,0,81100,0,0,1,2,3,3,0,2,2,0
0,18,114,14020,-64000,51400,2,2,1,5,0,2,0,0,1,0
2,19,149,10800,0,0,6,2,6,3,1,1,0,2,0,0
0,15,147,10620,-49200,53300,2,6,6,1,2,0,6000000,0,2,1
2,4,62,6020,0,0,5,4,1,4,3,1,0,0,1,1
0,3,431,12460,0,65700,4,2,1,4,3,0,0,2,2,0
0,18,199,10940,0,48500,3,1,0,5,0,3,0,1,0,1
1,11,79,8000,-55700,0,0,1,6,1,0,2,0,0,2,0
0,5,116,16180,-24100,0,0,4,6,4,3,1,0,1,1,1
1,10,37,5740,-67400,0,1,6,4,0,2,0,0,2,1,0
2,15,106,5680,-60200,49700,6,0,0,3,2,2,0,1,2,0
1,15,269,11280,-28700,36400,3,6,4,4,2,2,0,0,0,0
2,19,265,6890,0,0,4,0,1,0,2,3,0,1,2,0
2,14,163,0,0,35300,0,3,0,0,1,1,0,0,1,0
0,11,355,6280,0,0,1,0,6,0,1,1,4000000,2,2,1
3,7,175,810,0,0,6,0,1,2,3,0,8000000,2,2,0
2,12,192,15320,-40300,0,5,6,6,5,2,0,0,0,0,0
1,3,430,16360,0,0,4,5,1,3,1,3,7000000,1,0,0
0,12,223,12820,-46500,88400,3,1,0,0,3,0,0,0,1,0
1,12,195,480,-39600,47600,6,3,5,1,3,1,0,1,0,0
1,16,22,15780,0,71500,6,0,1,1,1,2,0,0,1,0
0,5,439,0,-55000,36100,6,1,4,4,1,3,0,1,2,0
2,19,11,7310,-45800,56600,6,5,6,0,0,1,0,1,0,0
1,11,151,11440,-58500,94800,4,2,5,3,3,1,0,1,1,0
0,0,154,15440,0,36900,6,6,1,2,3,1,0,0,2,1
2,1,245,7380,0,69100,3,6,2,0,2,3,0,2,0,0
1,3,119,5630,-49500,0,2,2,6,4,2,3,0,2,0,0
0,18,215,11420,-49000,0,3,3,6,3,1,2,0,2,2,1
2,5,295,6570,0,62400,6,5,5,1,1,0,5000000,1,0,1
1,5,254,13720,0,35700,4,0,1,2,0,2,0,0,2,1
1,13,107,13800,-91200,43400,2,6,4,1,1,1,7000000,1,0,1
1,15,478,0,0,59600,0,2,6,4,1,1,0,1,1,0
0,12,128,12460,-66200,43300,4,4,6,3,0,3,0,0,0,0
0,17,271,12420,-50000,56200,0,2,4,3,2,3,0,0,2,1
2,6,222,6810,-50300,37800,4,4,6,1,2,2,0,0,0,1
1,13,199,3010,0,0,0,0,0,0,0,2,0,1,1,0
1,9,215,9520,-42900,0,1,5,4,1,1,0,0,0,2,0
1,19,192,9540,0,0,0,6,5,5,0,0,0,0,1,0
2,3,120,11380,0,78300,2,5,4,2,0,0,0,0,2,0
1,9,270,14900,-19700,0,1,6,1,0,1,1,0,2,1,0
2,7,319,10860,0,0,1,4,6,1,3,2,0,1,0,0
0,14,227,14440,0,0,6,4,4,4,1,2,0,2,1,1
1,13,137,10160,-40600,52700,2,0,0,0,0,2,0,1,1,0
1,3,78,750,0,0,5,4,1,2,3,2,6000000,1,2,0
0,12,284,5540,-44200,0,5,2,1,1,0,3,0,2,2,1
0,2,275,5830,0,35700,2,4,1,3,1,1,0,0,0,0
1,19,153,11400,0,800,0,1,4,0,2,1,4000000,2,2,0
2,19,134,11680,0,36400,4,6,5,3,1,1,0,2,2,0
0,8,41,0,-56100,0,1,1,4,1,2,0,0,0,2,1
2,2,127,10300,0,0,2,0,4,3,1,1,5000000,1,1,0
0,8,61,8940,-62400,0,0,1,1,3,3,3,4000000,1,0,1
0,8,219,5890,-20800,90700,4,5,0,1,0,1,0,0,1,0
2,10,271,17040,0,0,2,3,4,1,0,0,0,0,1,0
0,10,325,6630,0,61500,0,6,5,1,1,3,0,2,0,1
1,16,29,7210,-71700,0,5,2,4,3,2,2,0,1,1,1
1,19,269,15860,-72300,0,1,3,4,1,3,0,0,0,0,0
0,8,80,10560,0,0,1,3,6,4,3,0,0,0,1,0
1,3,279,0,-31700,37300,3,4,0,0,1,3,0,1,2,0
1,11,165,330,-58100,35300,0,3,6,2,3,1,0,0,1,0
2,1,350,15580,0,50500,1,3,4,5,3,0,0,2,0,0
0,1,464,6650,-56400,0,0,3,5,0,3,2,0,2,0,1
0,4,118,7420,-57000,0,2,1,6,3,0,0,0,2,1,0
0,1,298,10860,0,28800,6,4,1,2,1,0,0,2,0,1
0,5,87,5540,-47500,0,5,6,1,0,1,3,0,2,0,1
1,18,261,7470,0,0,1,5,4,4,3,2,0,1,1,0
0,7,453,14000,-38800,52600,6,6,0,4,1,0,6000000,0,0,1
2,14,210,14740,-41000,0,2,1,6,2,2,0,0,2,2,0
0,4,168,14430,-40600,0,4,2,5,3,2,1,0,0,1,0
2,10,258,4770,-56800,34400,4,5,1,2,2,1,10000000,0,0,1
1,3,107,9320,-63100,62000,6,2,4,2,3,3,0,2,0,0
0,8,225,6400,-36200,41200,2,3,1,4,3,2,0,2,2,1
1,19,164,18000,0,44300,6,2,1,1,1,3,0,1,1,0
1,4,245,13240,0,58000,0,0,1,0,3,1,8000000,1,0,0
1,2,255,13860,0,0,2,2,4,2,1,0,4000000,2,2,0
0,18,206,12760,-53700,0,4,4,1,2,0,1,4000000,2,2,1
0,16,203,0,0,0,5,1,5,1,0,1,0,1,0,1
2,12,22,8570,0,51100,1,0,0,2,2,0,0,1,1,0
2,13,211,7000,0,0,3,3,6,1,0,1,0,0,1,0
2,7,206,3300,-69700,47200,3,2,1,4,0,3,6000000,1,2,0
2,18,166,5760,-32100,59600,4,1,6,4,2,0,0,0,0,0
1,8,165,330,0,70500,2,4,3,3,3,0,0,2,2,0
0,1,274,10640,-47300,40700,1,3,1,5,1,3,0,0,0,1
0,17,81,4970,0,42400,5,3,4,0,1,2,6000000,1,1,1
1,4,280,14120,0,57900,3,0,1,5,2,2,0,1,1,0
0,13,194,6150,0,0,5,1,6,3,2,2,0,1,2,0
0,8,112,8500,-54800,60000,5,0,0,4,0,1,0,0,0,0
2,16,24,4680,-45200,0,2,3,6,5,3,1,0,2,2,0
1,1,93,17360,-65600,65300,6,3,6,4,0,1,0,1,1,0
0,19,171,13840,0,84900,1,6,1,2,3,2,0,1,1,1
1,8,200,410,-20400,45300,2,5,5,2,3,0,0,0,0,0
1,9,120,6550,0,68900,6,6,4,1,1,3,0,1,0,0
1,1,325,13840,-77500,46300,2,6,0,5,1,2,0,2,1,0
2,10,124,12260,-43200,0,4,6,5,1,2,2,0,1,0,0
2,4,211,9460,0,76000,5,3,1,2,3,1,0,0,0,0
0,19,22,7080,-56200,0,4,6,4,2,0,3,6000000,1,2,1
2,18,106,5070,0,54100,3,6,6,5,3,3,0,2,0,0
0,6,398,7640,-57900,0,0,4,0,5,3,1,0,0,2,1
0,14,214,12800,-57100,0,5,3,0,1,1,0,4000000,2,2,1
1,9,209,4730,0,58100,4,4,6,2,1,1,0,0,1,0
0,15,82,8960,-38200,13100,6,6,4,1,2,3,0,0,2,1
0,16,193,17280,0,0,3,6,4,1,2,0,0,1,1,1
2,0,134,7520,0,0,6,1,1,5,2,0,0,0,1,0
0,14,288,10680,0,0,5,2,0,0,1,1,0,0,2,0
2,11,104,9780,-44600,31900,2,5,1,3,3,3,0,1,1,1
2,13,431,10540,0,17600,5,1,6,3,1,3,0,0,2,0
1,15,101,9040,-44500,52000,5,4,0,3,0,3,7000000,0,1,1
0,3,375,0,0,0,0,5,1,2,3,3,0,0,2,1
1,8,461,7210,0,0,3,1,1,0,3,1,0,0,2,0
2,12,45,13040,0,29000,5,6,6,1,0,0,0,0,2,0
1,18,136,1240,-66900,62500,3,1,1,2,3,0,0,0,2,0
1,15,216,560,-82400,39600,0,6,5,4,3,3,0,2,2,0
2,7,278,11700,-54000,0,4,4,4,1,0,0,7000000,2,2,0
2,14,295,13240,-59100,49700,4,2,1,4,0,1,0,2,2,0
0,17,112,10790,-59300,47700,5,0,4,1,1,0,0,2,2,1
2,14,122,18180,-31400,38100,5,1,3,4,1,0,0,1,2,0
1,3,108,11160,0,71400,6,1,6,1,0,2,0,2,2,0
0,2,14,12960,-26900,0,0,5,6,4,1,1,0,1,2,1
1,19,298,12800,-51100,0,2,3,1,4,0,0,0,2,0,0
3,3,276,660,-50000,0,5,2,4,0,3,1,0,1,0,0
1,10,222,11940,0,0,0,0,1,1,3,0,0,1,0,0
2,10,119,6700,0,88800,2,5,3,0,0,1,0,1,0,1
2,2,73,4990,-59900,35100,1,0,4,5,2,0,0,1,1,0
0,11,8,11100,-88300,0,4,2,3,5,1,2,4000000,1,0,0
1,2,324,15920,-41300,0,4,2,3,5,2,0,6000000,0,1,0
1,7,155,8560,0,0,5,2,2,2,0,1,0,0,1,0
1,11,261,11380,-45100,0,6,1,4,2,1,1,0,1,0,0
2,16,245,13100,-58900,27000,5,3,6,2,2,1,0,2,0,0
0,1,53,10220,0,72200,0,5,5,1,1,0,0,2,2,0
1,15,426,16800,-22300,29600,5,6,4,1,3,3,0,2,2,0
2,8,111,16540,0,51100,5,6,5,0,3,3,4000000,1,2,0
1,6,86,14880,-30300,0,3,3,4,2,3,1,7000000,0,1,1
0,17,296,5490,0,0,5,3,1,1,0,2,7000000,0,0,0
2,6,125,8060,-51300,0,3,3,1,0,1,3,7000000,2,2,1
2,3,177,2250,-57700,0,3,5,0,4,0,1,0,0,1,0
1,8,238,1100,-39200,0,3,4,1,2,3,3,0,1,1,0
0,10,81,13440,-67900,51000,2,2,6,3,2,0,5000000,0,1,1
2,14,128,18520,0,62700,2,1,5,2,0,2,0,2,0,0
1,10,252,5610,-57500,68500,3,6,4,4,3,2,0,1,1,0
2,1,359,5550,0,0,4,0,4,4,3,3,0,0,0,0
1,10,19,1280,-90200,42900,2,2,5,0,3,1,0,2,1,0
2,1,73,5020,0,29300,4,4,5,1,2,1,4000000,1,0,0
2,3,285,6960,0,0,2,1,0,0,1,3,0,2,2,0
3,16,196,530,0,0,4,6,6,3,3,1,0,1,1,1
0,3,328,5940,-32800,45100,5,5,1,3,0,1,0,1,2,0
1,13,285,280,0,47600,1,0,4,2,3,1,0,0,1,0
3,9,30,960,0,0,6,2,1,1,3,1,0,1,2,0
1,0,342,7670,-13800,63100,6,2,6,1,1,0,0,1,2,0
3,2,219,740,0,0,2,6,1,4,3,2,7000000,1,0,0
0,13,468,7150,0,0,6,5,4,5,1,3,0,0,0,0
2,11,241,4240,0,0,3,3,6,0,0,2,0,1,1,0
1,8,223,5440,-34400,66400,5,6,4,1,3,1,0,2,2,0
2,5,128,5980,-39300,0,1,1,4,2,1,0,0,0,1,1
0,9,124,7200,0,0,5,6,5,0,3,3,0,2,0,0
2,10,343,7230,0,0,3,5,4,0,3,3,3000000,1,2,0
3,15,404,1760,-36700,25500,0,1,6,1,3,1,0,1,0,0
1,12,63,1020,0,0,2,2,0,2,3,0,0,1,2,0
1,19,335,8580,-31400,62200,2,5,1,2,0,3,6000000,0,2,0
0,15,11,9720,0,24000,4,6,4,5,2,0,0,2,1,1
2,6,142,6780,0,0,3,1,0,5,2,3,5000000,0,1,1
1,3,272,7370,0,0,6,6,0,2,0,2,0,0,1,1
1,0,69,5260,0,0,2,1,1,4,1,2,0,0,2,0
2,8,328,12780,0,24800,4,2,6,1,2,3,0,2,2,1
1,4,281,9260,0,0,1,4,4,2,1,0,6000000,0,1,0
0,0,246,11160,-58600,0,1,2,1,2,2,2,0,1,1,1
1,8,298,2810,0,47800,1,6,1,3,0,2,0,1,2,0
2,19,330,8920,0,0,2,2,1,0,1,0,0,2,0,0
2,2,362,6340,-72500,53000,0,1,1,5,1,1,4000000,1,1,0
0,11,241,12980,0,0,0,0,5,1,1,3,0,0,0,0
2,1,245,7350,-60500,24400,5,6,1,4,0,1,0,2,0,0
1,13,371,6840,-37100,0,2,5,1,3,2,0,7000000,1,2,0
0,3,343,12990,0,0,0,0,1,1,2,2,0,2,0,1
2,11,377,6560,-64000,0,4,2,6,4,1,3,0,0,1,0
1,7,154,14460,-67800,0,4,1,4,2,2,3,0,1,0,0
2,0,166,4880,-68200,65600,2,1,1,5,2,2,0,0,0,0
1,7,298,3050,-55000,36900,3,0,4,3,3,3,6000000,2,2,0
2,8,235,6910,-60200,39900,5,6,6,0,2,1,0,1,2,0
0,13,172,14500,-68700,63600,4,2,2,3,3,0,0,0,2,0
0,14,27,5360,-32500,0,3,5,3,2,2,2,0,0,0,1
1,11,428,12760,-24400,0,5,5,1,4,1,0,0,0,1,0
2,9,99,4570,0,0,3,0,1,4,1,1,3000000,0,1,0
2,6,107,14300,0,40600,4,1,4,3,1,3,0,2,2,1
0,15,272,6460,-10600,33300,0,6,1,3,2,1,0,2,1,0
1,7,151,3530,0,54000,5,4,6,3,1,1,0,2,1,0
0,6,249,5350,0,0,4,5,4,3,1,0,0,1,0,0
0,16,177,7370,-74500,0,1,1,5,2,2,0,0,0,2,1
2,13,174,10900,-53800,53200,1,5,1,3,0,2,0,0,2,0
0,9,371,7540,-24700,60300,0,0,1,2,1,3,0,2,0,1
1,9,2,6460,0,0,3,3,1,1,1,2,0,1,0,0
2,5,269,15180,-41400,0,3,1,4,3,0,1,4000000,0,0,1
0,13,94,6410,-52600,0,2,0,0,2,1,3,0,1,1,0
2,19,117,5040,-32500,47500,0,6,4,4,1,1,0,1,0,1
0,19,111,7350,0,0,4,3,4,2,3,2,5000000,1,1,1
3,3,242,680,-44600,0,2,6,6,0,3,1,0,0,1,0
0,12,440,5960,-70200,41500,6,5,2,5,1,3,0,1,2,1
0,0,20,5750,0,0,3,4,4,5,1,2,0,2,2,1
0,9,461,9840,0,0,2,2,1,3,0,1,7000000,0,0,0
2,0,208,10100,0,0,0,0,4,2,2,0,0,1,1,0
0,6,279,6410,0,0,0,1,4,2,3,1,0,2,0,1
3,0,244,660,0,0,4,6,1,0,3,3,0,0,1,0
0,7,134,5310,0,0,6,3,4,4,1,2,0,1,0,1
0,15,156,5900,0,0,6,0,0,0,3,0,0,0,2,1
0,9,232,7060,-33600,0,1,0,1,0,0,1,8000000,1,0,1
1,0,244,5590,-45000,0,5,2,4,2,3,1,7000000,2,1,0
1,11,84,5240,-51500,44400,4,3,4,5,3,0,0,2,1,0
3,12,394,1060,0,51500,2,2,0,3,3,0,0,1,1,0
0,10,246,11840,-33100,34400,3,1,3,5,1,2,0,1,2,1
1,18,35,15660,-46900,52100,3,6,4,4,1,0,0,2,0,0
0,15,156,4610,-61000,0,0,6,3,2,0,3,0,0,0,0
2,4,195,12540,-53300,57800,0,2,4,5,1,3,0,0,2,0
1,4,369,17060,0,55400,1,0,5,0,3,0,0,1,2,0
0,13,332,11040,0,91900,4,0,6,2,3,0,0,0,2,1
1,16,107,11940,0,62800,3,0,1,5,0,0,0,0,1,0
1,16,217,10820,-19800,49900,5,1,1,2,1,2,0,2,0,0
0,2,243,4170,-75700,0,0,5,4,3,0,1,0,2,0,0
2,13,296,7120,-63400,53100,0,1,6,0,0,2,0,1,1,0
1,6,264,10980,0,55600,6,4,3,4,2,0,0,0,1,1
0,8,108,5850,0,0,3,3,6,1,3,1,0,0,0,1
1,17,32,14180,0,0,1,3,4,3,3,1,6000000,0,2,0
1,12,259,7760,-83900,0,3,1,3,4,1,3,0,1,1,0
3,6,186,860,-37600,37600,0,0,1,5,3,1,0,0,2,1
1,18,201,1240,0,0,6,4,4,1,3,0,0,1,0,0
0,17,436,11980,-27600,47400,6,5,6,2,3,2,5000000,1,0,1
0,1,189,13260,-49400,0,4,5,6,3,3,3,0,1,1,0
2,11,105,12780,-40900,0,2,4,5,1,2,1,0,2,0,0
2,10,163,5810,0,26900,3,2,4,1,0,0,6000000,0,2,0
0,12,88,7420,0,0,3,4,4,0,0,2,0,1,1,1
1,10,40,1460,-33300,0,1,4,5,3,3,2,4000000,2,0,0
0,11,284,8560,0,0,0,0,0,5,0,1,-1000000,0,0,0
2,9,59,5730,-32300,64200,1,6,2,2,0,2,0,1,0,0
0,14,39,10540,-15700,0,2,3,0,0,1,0,0,1,1,1
1,7,147,15540,-48300,0,2,1,1,5,1,2,0,2,2,0
1,9,156,5340,-51800,0,2,1,0,4,3,2,0,1,1,1
2,1,123,12020,-54600,0,0,4,4,5,1,2,0,1,1,0
1,15,231,7710,-58100,0,1,2,3,5,3,2,0,1,2,0
3,7,247,600,0,0,1,3,4,5,3,3,0,0,2,0
0,18,119,7080,0,27100,2,3,3,2,2,0,0,1,1,0
3,0,259,1280,-39300,0,5,5,4,1,3,3,0,0,1,0
2,19,107,14420,-82700,20000,0,5,1,3,3,2,5000000,0,1,0
0,0,48,17460,-55600,34000,1,0,0,2,3,2,0,0,0,0
3,4,267,1260,-35200,0,3,1,1,5,3,2,5000000,1,0,0
1,3,286,13160,-77600,54100,2,6,1,0,2,0,0,1,0,0
0,0,175,4080,-57100,82400,3,0,1,5,2,1,0,0,2,1
0,11,111,4800,0,0,6,5,4,3,1,1,2000000,1,1,1
2,6,151,5910,0,44000,0,0,4,4,1,2,0,1,1,1
2,10,156,14080,-53800,0,0,4,1,4,2,1,6000000,2,1,0
2,9,165,4570,-39700,0,5,3,1,0,1,2,0,1,2,0
0,7,253,7340,0,81300,6,6,4,2,2,2,0,0,2,1
0,0,10,2850,-22200,0,4,4,4,1,0,3,0,0,0,1
2,16,158,3500,-38600,0,0,2,4,2,2,0,0,0,0,0
2,2,436,13600,0,39000,6,2,6,3,3,2,0,2,2,0
1,9,91,13000,0,43900,5,3,4,4,2,0,8000000,1,2,0
1,3,256,7550,-39500,0,4,3,6,5,3,1,0,2,2,0
2,3,274,15100,0,0,2,5,6,1,2,3,0,2,1,0
2,4,275,5360,-63900,39400,0,3,5,5,0,1,0,2,1,0
1,19,1,6340,0,0,2,3,1,1,3,0,0,1,1,0
0,15,85,12380,-73900,51600,0,6,1,2,2,1,0,2,0,1
2,18,233,13420,-30200,61600,2,1,1,5,1,2,0,0,0,0
0,14,142,6360,-46800,58500,3,2,4,0,2,3,0,1,0,0
2,12,266,3280,0,0,2,5,6,0,3,2,0,1,1,0
2,2,350,9820,0,0,5,3,3,2,3,2,0,2,0,0
0,17,97,10080,0,0,1,6,5,1,2,2,0,1,2,1
2,17,399,17680,-65400,0,3,3,1,1,3,1,0,2,1,0
2,3,305,12100,-42100,0,2,2,1,3,1,2,0,0,0,0
1,19,276,5980,0,0,6,0,1,3,3,0,0,0,0,0
0,0,257,9420,0,0,4,1,1,0,2,2,0,1,0,1
0,2,78,5060,-27900,0,6,6,6,3,2,0,4000000,1,1,1
0,0,129,9920,0,0,5,6,1,1,1,3,0,2,2,0
0,15,283,7060,-73600,53500,6,5,1,0,0,3,0,2,1,1
2,10,96,0,-48700,38900,1,0,0,5,1,0,6000000,0,0,0
1,4,121,7250,0,0,3,2,6,4,3,1,6000000,2,0,0
1,17,176,4920,-56600,0,1,1,4,4,1,1,4000000,1,2,0
2,4,159,7810,-53700,0,0,6,1,5,3,0,0,2,2,0
1,12,120,8710,-64300,39600,0,2,1,0,2,1,0,1,1,0
2,18,212,4580,-49200,35400,4,1,1,4,1,3,0,2,1,0
2,6,290,12960,-61000,0,3,0,5,5,3,2,0,0,2,1
1,12,299,12800,0,25000,0,1,4,5,2,3,0,0,1,0
0,16,66,0,0,0,1,3,1,3,3,2,0,1,2,1
2,2,216,16650,0,0,0,1,5,4,3,3,5000000,0,2,1
1,10,86,11820,0,75800,6,2,5,4,3,2,0,0,0,0
1,16,429,6580,-43800,67400,0,6,6,3,0,0,6000000,1,2,0
2,0,257,10540,-74300,46400,6,0,5,0,2,2,6000000,2,2,0
2,6,15,12300,0,56700,3,0,4,1,2,0,0,0,1,0
0,3,230,14840,-22300,68600,4,5,4,4,1,3,7000000,0,1,1
1,14,250,12980,-73400,47900,3,1,5,3,2,3,0,2,1,0
0,13,270,7180,0,47200,0,3,0,2,0,0,0,2,1,1
1,4,65,5220,-41500,0,2,5,5,4,1,3,3000000,0,1,0
1,16,475,6500,-83200,67400,5,2,4,3,3,2,0,0,0,0
1,0,77,6720,-32800,56400,2,6,1,3,0,0,0,2,0,0
2,9,256,11500,-65600,56700,4,2,6,4,1,0,0,0,0,0
0,13,229,11460,0,65600,4,1,6,1,2,1,0,1,1,0
1,12,110,10840,0,30400,1,6,1,2,3,2,0,1,0,0
0,19,177,20700,-13200,0,1,6,4,5,0,3,0,0,1,1
2,1,292,6170,0,0,6,1,4,4,2,0,0,2,1,0
0,14,451,15620,-42600,0,0,1,2,4,0,1,2000000,1,2,1
0,13,61,9360,0,47400,1,3,4,2,0,1,0,0,2,1
0,15,283,0,-54300,60700,0,3,6,3,2,2,0,0,0,1
1,14,291,620,-55300,0,2,2,4,3,3,2,0,2,2,1
1,10,289,6000,-37900,73000,0,3,5,3,0,0,0,2,1,0
1,19,10,4450,-60700,0,3,3,0,5,3,2,0,1,0,1
0,10,309,15560,0,69400,6,3,6,2,2,1,0,2,0,0
0,8,396,11680,-22400,0,2,1,0,2,2,1,0,0,2,0
2,7,273,4010,0,0,6,5,5,3,3,2,0,2,1,0
2,18,129,13520,0,51500,6,2,4,0,2,3,0,2,1,0
1,5,419,5190,0,45700,1,3,4,4,3,0,6000000,2,0,0
2,15,315,4860,-56800,0,5,6,1,2,2,0,6000000,1,1,0
0,8,72,6620,-85900,0,0,0,6,3,0,0,0,2,1,0
2,14,32,9100,-79800,0,3,4,5,1,1,2,6000000,0,1,0
1,17,230,4420,0,0,3,6,1,3,0,0,0,0,2,0
0,15,157,10160,-54100,0,1,1,5,2,2,2,0,0,1,1
2,17,265,4420,0,81800,0,3,4,3,3,3,6000000,1,1,0
1,0,47,11440,-24300,64800,6,6,4,2,3,3,0,2,1,0
1,9,113,5550,-42300,36100,6,6,1,1,2,2,0,1,0,1
1,5,289,6270,0,0,3,0,0,4,0,1,0,1,0,1
1,2,254,18220,0,0,5,5,1,3,3,2,0,1,2,0
1,0,115,5460,0,46400,2,3,1,5,1,0,0,2,1,0
0,13,236,16710,-62500,0,1,4,6,1,0,1,0,1,0,0
2,4,7,6940,-45300,0,0,2,1,5,2,2,0,2,1,0
2,0,208,11420,0,0,3,1,1,5,2,1,5000000,0,0,0
0,17,126,6770,-73400,36700,3,4,6,3,0,2,2000000,2,1,0
0,9,48,9680,-51000,0,3,0,6,4,0,2,0,0,0,0
2,9,297,5720,-36700,54900,6,0,1,2,1,0,3000000,1,0,0
2,2,160,5170,-36600,0,2,1,1,0,1,1,0,0,2,0
2,18,406,10920,-42700,0,4,3,6,3,2,2,0,1,1,0
0,15,157,4770,-41600,40700,2,0,2,3,2,2,7000000,2,2,1
0,8,409,6110,0,55600,2,5,1,4,2,0,6000000,0,1,0
1,7,252,14980,-28800,0,5,2,5,5,1,2,0,0,0,0
3,7,6,580,-47400,0,2,1,6,4,3,1,0,1,0,0
1,8,103,12820,0,0,4,1,1,3,0,0,6000000,0,1,0
2,18,369,7090,0,0,5,6,6,1,3,3,0,1,1,0
2,0,261,9180,0,0,4,1,1,3,1,0,0,2,1,0
0,16,159,8160,-36900,69200,1,1,1,0,0,0,0,0,2,1
1,16,344,7530,0,0,0,3,0,2,0,2,0,0,0,0
1,6,437,7680,0,48800,1,5,4,4,2,3,0,2,1,1
2,16,65,15960,-66300,0,1,2,6,5,1,3,4000000,0,2,0
1,8,280,9640,-64700,29300,4,0,6,0,3,3,0,2,0,0
2,17,269,2200,-64100,54800,2,2,5,5,3,0,0,2,0,0
1,4,275,7860,-45300,0,5,5,2,4,1,3,0,1,1,0
3,18,84,620,-29900,0,2,0,4,1,3,0,0,1,2,0
1,4,247,11580,0,64000,1,5,1,1,1,2,0,1,2,0
0,12,56,7880,0,0,5,3,3,3,1,2,0,0,1,0
2,1,108,5570,-43700,63900,2,4,6,4,2,3,4000000,2,1,0
2,3,328,8930,0,0,5,5,1,5,3,2,0,2,0,0
2,8,186,11120,0,0,3,2,1,4,0,2,0,1,1,0
3,2,277,1000,0,0,2,5,0,4,3,3,0,2,1,0
1,13,138,14740,-56900,56900,3,6,1,3,2,0,5000000,1,2,0
0,5,208,6930,0,0,1,3,4,0,0,2,0,0,2,0
2,18,147,13520,0,0,4,3,4,2,0,0,0,1,1,0
0,10,8,14040,0,0,2,1,6,0,2,0,0,2,0,0
1,11,297,6060,-54700,0,4,3,4,5,1,0,0,0,0,0
0,0,150,6480,0,52800,5,0,1,0,0,3,0,2,0,1
0,1,4,6080,0,0,1,4,6,2,3,0,0,2,0,1
2,6,210,5820,-91400,44900,5,0,6,1,0,2,0,2,0,0
1,14,91,6730,0,63600,2,2,0,3,3,0,4000000,0,1,0
0,4,167,8710,-38400,0,5,6,0,2,0,0,0,0,0,1
2,3,467,5570,0,82200,5,1,1,3,1,3,0,2,2,0
2,17,264,5670,-67400,0,3,0,2,2,0,2,10000000,1,1,0
2,19,270,9880,-53300,83200,6,1,5,1,2,0,0,2,0,0
0,0,310,6130,0,0,5,3,0,2,3,0,0,0,1,1
1,8,143,11700,0,67900,1,1,1,5,2,3,0,0,2,0
0,16,146,6660,0,0,0,5,0,3,1,3,0,0,0,0
2,15,102,7340,0,55200,4,3,3,5,3,0,0,1,1,0
0,3,61,4650,0,54600,3,5,3,2,1,2,0,0,1,0
3,5,255,640,0,68500,6,2,0,1,3,2,6000000,2,2,1
3,17,211,580,0,0,6,4,6,3,3,1,0,2,1,0
2,19,108,6370,0,0,5,1,1,1,1,2,0,2,0,0
2,2,303,13660,-45500,54600,4,2,6,3,2,3,0,0,0,0
0,8,152,6400,0,0,6,2,4,5,1,0,0,1,0,1
2,5,414,6090,-71000,44000,2,3,4,4,3,1,0,2,1,1
2,7,163,4940,-67300,0,3,6,1,3,1,3,6000000,1,2,0
1,8,352,12500,0,0,0,5,0,5,1,2,0,1,2,0
2,19,27,12300,0,37900,6,0,4,2,0,0,0,0,1,0
0,15,239,6990,0,0,5,3,6,0,0,3,0,0,0,0
1,0,33,6230,-50300,70300,6,4,1,0,0,1,5000000,0,0,0
2,15,88,14000,-51200,42800,1,4,4,0,1,0,0,0,2,0
2,15,20,6750,-43600,33000,0,0,1,0,2,1,0,1,2,0
1,2,126,4430,-42700,46500,0,3,1,1,2,3,0,1,2,0
1,18,264,17300,-8500,0,0,6,6,1,3,0,0,2,2,0
1,19,78,680,0,0,5,1,1,0,3,1,0,0,0,0
0,12,123,13300,-41200,38000,5,5,0,3,0,1,0,0,2,1
2,2,347,8630,-12100,0,4,2,0,4,2,2,9000000,2,0,0
1,19,163,15900,0,51700,6,2,1,2,0,3,0,2,2,0
1,0,271,6930,0,0,2,5,4,2,2,2,0,1,2,1
1,2,410,9920,-17000,0,4,3,6,3,0,2,0,0,0,0
0,10,448,5970,-50300,38600,6,0,4,3,3,1,0,0,2,1
2,9,218,15380,-72900,37900,3,6,1,5,3,0,0,0,2,0
2,16,43,6850,0,64400,6,1,4,2,2,2,0,2,2,0
0,7,33,8140,-60600,45500,0,6,5,4,3,1,6000000,2,2,0
0,4,126,10620,0,54500,5,3,4,5,1,1,0,0,0,0
0,8,411,3510,0,0,1,6,5,2,0,0,0,1,0,0
1,19,225,9600,0,49600,2,4,6,1,1,2,5000000,0,2,0
1,11,35,5910,-51900,0,6,2,0,1,1,2,0,0,2,0
0,16,460,5830,0,62500,3,5,1,0,2,3,0,0,2,1
1,18,195,7180,-50300,38000,4,6,6,4,0,2,6000000,2,1,0
2,10,360,15080,-62400,0,6,5,6,1,0,0,0,1,2,0
1,5,245,590,-68900,0,3,6,3,2,3,2,7000000,2,2,1
2,9,146,5590,-60600,34500,5,2,0,2,3,1,0,2,1,0
0,14,67,6380,-67800,60400,2,1,4,0,2,3,0,1,0,1
2,6,380,7270,0,66000,4,3,5,2,3,1,0,0,0,1
1,5,389,630,0,0,5,5,0,4,3,2,0,2,1,1
0,19,317,19020,0,43700,4,0,6,2,1,1,0,1,2,1
0,17,264,12700,0,0,1,6,4,5,1,2,6000000,0,0,0
1,14,20,12580,-41200,0,5,4,3,2,1,0,0,1,0,0
0,9,116,6630,-35500,0,3,5,6,1,2,3,0,2,0,1
1,4,222,16300,-49200,49600,3,6,1,4,2,0,0,0,2,0
1,18,439,15000,-40900,48900,2,6,0,3,0,0,0,0,2,0
2,8,66,8780,-31700,0,0,6,1,0,2,1,0,0,2,0
2,9,128,5370,-76000,0,2,5,5,0,1,0,0,2,0,0
1,19,69,12660,0,0,2,6,1,2,3,0,0,2,0,0
2,8,294,11960,0,0,1,3,4,3,2,3,0,0,0,0
2,6,19,11600,0,0,3,1,1,1,0,2,0,1,0,1
1,15,4,4510,0,64200,2,3,5,4,0,3,6000000,0,1,0
0,4,298,11580,-71700,0,4,4,1,5,2,2,0,1,0,0
1,15,231,10300,0,0,5,3,1,1,3,2,0,0,1,0
0,2,338,12820,-56200,0,0,4,2,3,2,3,0,1,2,1
1,4,261,13380,-49400,0,6,6,4,4,2,3,0,0,0,0
3,10,321,520,-39100,0,0,3,1,0,3,2,6000000,2,1,0
1,0,0,6620,-41100,61400,1,6,1,5,0,1,0,2,1,0
0,8,405,5780,-46900,0,4,0,1,1,3,0,0,1,0,1
1,4,304,13340,0,0,6,3,0,3,2,1,0,0,1,0
1,13,1,7890,0,52200,3,4,4,2,3,3,0,2,2,0
0,17,26,9960,-53700,0,5,1,6,0,3,2,0,1,0,0
0,8,202,7040,-37500,0,0,2,6,0,2,1,0,0,1,0
2,2,289,8580,-42700,0,6,6,4,3,2,0,8000000,2,1,0
0,16,61,11960,-53800,0,3,2,5,5,1,0,6000000,0,1,1
1,15,334,12740,0,0,4,2,6,2,3,1,6000000,0,2,0
1,13,12,5930,0,51400,6,5,1,2,3,1,0,2,2,0
1,19,86,9680,-68100,74200,2,4,1,0,3,2,0,0,2,0
2,2,83,6160,0,0,2,0,1,4,1,1,0,2,0,0
2,9,126,6180,-58400,55300,1,3,1,4,3,0,0,2,2,0
2,15,209,8900,-52900,38600,2,0,6,0,3,0,0,1,2,0
3,13,283,820,-46200,0,3,2,1,0,3,3,0,2,2,0
2,10,194,11760,0,0,3,3,6,1,0,1,0,1,2,0
1,5,184,11940,0,0,1,4,3,1,0,2,0,1,0,1
2,6,479,5050,0,0,1,0,1,0,0,0,0,0,0,0
2,12,284,6500,-42400,0,3,4,1,2,2,3,0,1,0,0
2,8,65,3570,-42500,43000,1,0,6,5,0,2,0,0,1,0
0,10,222,14660,-51200,87800,2,6,4,3,1,0,0,1,1,1
1,4,196,4780,-78600,0,3,2,4,2,0,0,0,1,1,0
3,8,253,640,-33000,46300,0,4,1,4,3,1,7000000,2,0,0
2,10,280,14000,-51600,0,3,5,1,3,1,2,0,0,0,0
2,16,5,16020,0,31500,6,6,6,1,0,3,0,1,1,0
1,10,220,4340,-49500,33500,1,3,4,2,1,2,0,0,0,0
2,18,85,5360,-77000,72400,4,3,4,3,1,1,0,0,2,0
1,16,266,480,-45800,0,0,4,0,3,3,2,0,1,1,0
3,8,41,530,0,46700,3,5,4,3,3,1,0,0,1,0
0,11,316,7170,0,58300,2,6,5,0,0,0,5000000,0,2,0
3,1,285,300,0,55100,5,1,4,2,3,1,0,0,1,0
2,11,379,6330,0,41400,0,5,6,1,0,1,0,0,0,0
0,18,15,6870,-58900,33500,2,4,6,2,3,3,0,1,1,1
1,8,354,15040,0,0,5,1,4,4,3,3,5000000,2,2,0
0,7,342,14720,0,0,1,6,4,1,0,0,0,0,0,0
2,16,169,6590,0,23300,6,5,5,3,2,3,0,0,1,0
2,17,259,5690,-49200,65000,6,3,6,5,1,2,0,0,1,0
0,7,65,6550,-71900,0,1,0,1,5,2,0,0,1,1,1
0,1,254,5780,-90600,0,4,0,6,0,0,3,0,1,1,0
1,15,440,6140,-56200,0,0,5,1,2,3,1,0,1,2,0
2,10,230,13480,-39400,45400,1,5,4,2,1,2,0,1,0,0
0,15,138,6930,-72400,27700,6,2,5,5,2,2,4000000,2,2,0
3,13,239,1660,-6300,51400,3,0,0,2,3,2,7000000,1,0,0
0,13,93,8740,0,0,4,0,0,0,3,3,0,0,1,0
1,9,37,5670,0,49300,5,4,4,1,0,0,0,0,0,0
1,19,254,0,0,0,4,0,5,0,1,1,0,0,0,1
0,13,131,15280,0,65700,0,2,4,3,1,3,0,1,1,0
2,2,230,13720,0,48100,4,2,5,5,0,2,0,0,0,0
0,14,313,13800,0,0,4,4,2,4,2,1,0,0,2,1
1,9,210,1440,0,0,3,6,5,2,3,2,0,1,1,0
1,7,101,12220,-53000,30000,6,0,4,3,0,1,0,1,2,0
2,1,153,4250,-55600,52300,2,0,0,4,0,3,0,2,0,0
1,1,337,14400,-34600,0,0,0,4,5,1,1,0,0,0,0
1,5,360,840,-32900,0,5,2,4,1,3,2,0,2,2,1
3,4,428,630,0,0,2,6,0,4,3,2,0,0,2,0
1,10,204,8340,0,0,3,3,4,1,2,2,0,0,1,0
0,2,364,14060,0,0,5,4,1,5,2,1,0,0,2,1
3,17,185,900,0,0,1,0,6,3,3,3,0,2,2,0
1,14,63,860,-36500,0,6,4,0,3,3,2,6000000,2,0,0
2,19,210,2730,-19500,0,1,5,6,1,1,1,0,0,2,1
1,12,194,4880,0,46500,6,0,6,1,0,0,0,0,1,0
2,3,294,3900,0,22700,5,1,6,3,3,1,0,2,1,0
1,5,272,16820,-42800,38600,4,0,1,5,1,0,5000000,1,0,1
2,7,27,6840,-55800,0,1,4,1,3,1,3,0,0,1,0
1,10,251,5530,-31700,0,0,2,1,1,3,0,0,2,0,0
1,10,180,11540,-49000,58100,3,1,5,3,0,3,0,2,2,0
1,8,392,16620,-66800,68400,6,6,6,1,2,2,0,0,2,0
1,7,143,10860,-65700,0,2,5,4,4,1,0,5000000,0,2,0
0,12,371,5380,-81000,34700,2,1,4,5,0,2,0,0,1,1
2,4,292,16920,-53800,0,3,5,6,2,2,1,0,1,1,0
2,4,165,6970,-49900,0,1,6,4,3,2,3,6000000,1,1,0
2,12,158,3640,0,0,3,6,6,4,0,1,3000000,0,0,0
1,13,241,4690,-54900,0,3,4,4,3,3,2,0,1,0,0
0,13,103,14380,-47700,69500,5,3,1,5,0,3,0,2,2,0
0,2,402,7530,-79600,48000,3,6,1,1,2,2,0,1,0,1
2,5,102,9480,0,0,3,3,2,5,2,0,3000000,0,1,1
2,16,182,7110,-56900,50000,6,3,4,0,2,2,0,0,0,0
1,7,282,13880,-75100,51100,4,6,1,5,3,2,0,0,2,0
0,2,222,5000,0,71400,2,4,4,1,2,1,0,2,2,1
2,14,415,7860,0,50400,6,0,6,1,3,3,0,1,1,0
0,4,51,6420,0,0,6,6,1,4,1,3,0,2,2,1
2,0,255,12240,-40200,0,2,5,0,3,2,0,0,2,2,0
0,12,143,6920,0,37700,0,0,0,0,2,0,0,1,2,0
1,12,130,13080,-38500,0,3,2,4,2,0,1,0,2,2,0
1,14,242,12380,-57000,0,5,4,1,4,1,1,6000000,1,0,0
3,8,96,670,0,0,2,0,6,5,3,2,0,0,1,0
3,19,150,510,0,40100,1,6,6,3,3,3,0,0,1,0
0,19,463,7240,0,51700,3,1,4,1,2,2,0,1,1,1
0,16,472,14180,0,0,5,4,1,1,1,3,0,1,2,0
2,10,75,6510,0,0,0,6,6,0,2,3,0,2,2,0
2,5,193,0,0,0,1,2,3,0,0,1,0,0,2,0
0,19,43,7270,0,0,0,0,6,1,0,1,0,2,2,1
2,3,253,6290,0,36600,1,4,4,1,3,0,0,0,2,0
0,14,152,7690,0,58600,3,4,5,5,1,1,0,2,1,1
0,17,160,7420,-43800,0,2,2,4,5,1,1,0,1,2,0
0,8,56,0,-28800,0,3,6,0,3,3,2,0,0,1,0
3,9,286,500,-62500,45500,1,1,6,2,3,0,0,0,2,0
3,5,3,500,0,0,3,6,3,4,3,1,5000000,0,2,1
0,4,286,6050,-70300,71300,2,1,1,2,0,3,6000000,1,1,0
0,3,239,6880,0,0,5,4,6,2,3,3,5000000,1,1,0
1,6,64,4370,-61400,0,2,2,5,2,0,2,0,1,1,1
1,3,98,7120,-26400,0,5,5,0,5,2,0,0,0,2,0
2,5,16,10000,-31400,59300,3,2,4,3,2,1,0,1,2,1
3,18,70,0,0,46000,5,1,6,3,3,3,4000000,1,2,0
1,12,75,5970,0,0,3,2,4,2,3,1,0,0,0,0
1,15,246,6860,0,0,2,0,1,1,2,0,0,0,1,0
2,9,110,5750,-66200,0,0,6,4,3,0,3,0,2,0,0
1,15,236,870,-63900,0,5,6,1,5,3,0,4000000,1,0,0
2,14,267,15420,0,0,4,5,5,5,3,1,0,0,2,0
1,7,463,6600,0,0,5,6,1,5,3,0,0,1,2,0
1,11,303,9980,0,0,5,4,1,0,1,0,0,0,1,0
1,11,137,6730,-59700,55600,4,1,6,4,2,1,0,1,2,0
2,5,56,11180,0,0,0,1,1,1,2,2,0,1,1,0
1,2,75,6630,-90100,57900,2,4,4,1,3,2,0,1,0,0
1,19,131,490,-65200,0,4,3,1,5,3,1,0,0,0,0
2,13,153,14140,-61400,45600,2,6,6,2,2,0,0,1,1,0
0,2,255,7470,0,75800,3,1,4,4,1,2,0,2,2,1
1,17,103,4060,0,66300,4,0,1,0,3,2,0,0,2,0
2,18,97,10060,-32600,0,3,6,4,0,0,0,0,0,1,0
1,11,214,4280,0,0,0,6,1,3,0,3,7000000,0,0,0
1,5,438,4070,0,0,4,2,4,0,3,0,0,2,0,1
1,14,87,6300,0,0,5,5,1,3,3,1,0,0,2,0
3,4,27,400,0,0,4,5,6,5,3,0,0,2,2,0
0,19,206,7180,-74200,0,2,2,5,4,1,1,0,2,1,1
0,10,422,15500,-67800,43600,4,4,0,3,0,1,0,0,1,0
0,4,303,12140,0,0,5,6,4,1,1,2,5000000,0,1,0
3,0,228,1100,0,43700,0,3,6,0,3,2,0,0,0,0
0,10,239,15980,-37000,44200,3,5,4,5,1,3,0,1,2,1
2,5,330,11000,-56400,0,2,4,1,5,2,2,0,0,0,1
1,11,128,16040,0,0,4,1,1,2,1,1,0,2,2,0
2,18,147,9760,-48400,0,0,6,4,0,2,2,6000000,2,1,0
1,9,287,5380,-54600,0,5,6,5,1,1,2,0,2,0,0
0,7,142,4530,-48500,0,4,1,1,0,3,2,0,0,1,1
0,3,162,9880,0,0,5,0,6,0,3,3,0,2,0,0
1,14,106,0,0,0,2,2,6,3,3,1,0,0,2,0
3,7,292,670,0,0,5,3,6,4,3,2,0,2,0,0
0,5,34,5080,0,0,6,1,0,0,0,0,0,2,1,1
1,18,290,5190,0,45300,0,4,5,1,1,1,5000000,1,1,0
2,12,182,8150,-78300,53800,5,5,1,0,3,3,0,2,2,0
2,0,362,0,-71500,44400,3,2,1,4,3,3,0,0,0,0
0,9,143,5660,0,79900,2,6,4,0,0,0,0,2,2,0
0,13,183,9440,0,20200,5,2,0,1,3,1,0,1,0,1
1,3,254,9720,-74400,0,1,5,1,5,2,2,5000000,1,2,0
2,9,249,5710,-71200,0,4,0,4,1,1,1,0,0,2,0
2,19,169,14080,-57600,50700,2,6,1,4,0,3,0,1,2,0
1,3,235,6830,0,0,1,5,1,0,0,2,0,2,1,0
2,5,16,6600,-66200,50800,4,1,6,1,0,2,0,0,0,1
0,6,128,0,-28300,0,2,6,1,2,0,2,0,0,0,1
1,2,103,7770,-74800,0,1,6,1,0,3,1,0,0,1,0
0,19,356,12500,-44000,58500,1,3,4,5,2,1,0,2,2,1
1,12,109,16560,0,0,2,5,1,0,3,3,6000000,0,1,0
1,9,2,4030,-54700,0,2,1,6,2,2,3,4000000,2,1,0
0,11,198,9500,-55100,0,0,2,6,2,2,1,0,1,1,0
3,19,107,780,0,82100,0,0,4,2,3,3,4000000,0,1,0
1,6,252,11880,-33300,0,2,5,0,2,2,3,9000000,2,0,1
1,4,303,6690,-61500,42900,0,6,0,2,1,0,7000000,2,2,0
1,18,101,8720,-30400,52600,3,1,4,2,0,3,0,1,0,0
2,17,446,6280,-64900,42700,1,4,4,4,3,0,0,0,0,0
0,16,330,11900,0,0,1,6,5,0,0,3,0,1,1,0
2,16,211,5940,-33800,42200,6,3,6,1,3,0,4000000,1,1,0
2,15,172,7580,-42000,41300,2,3,1,5,0,1,6000000,0,0,0
1,13,316,6310,-51000,0,5,0,1,5,0,1,7000000,0,0,0
2,5,435,5240,-43300,73500,0,0,6,2,0,1,5000000,2,2,1
0,13,344,17400,-38700,0,5,3,1,1,1,2,0,0,2,1
2,10,204,4200,-49300,0,3,0,4,0,0,1,0,1,1,0
0,17,278,5850,-39800,0,5,2,5,1,0,2,0,2,2,0
0,3,434,11040,0,0,3,1,4,0,2,3,0,2,1,0
2,4,209,8180,0,0,4,2,3,5,0,3,0,0,1,0
1,8,250,10700,0,37800,5,2,4,2,1,3,0,2,0,0
1,7,61,4040,0,0,5,3,6,1,0,0,0,0,1,0
0,9,80,3720,-18600,0,1,3,4,5,3,1,0,2,0,0
3,8,4,840,-77800,0,2,2,4,2,3,2,5000000,1,0,0
1,17,32,10540,-45700,0,4,0,1,3,0,0,0,0,2,0
1,15,276,13860,-61400,44500,2,1,4,5,1,2,0,2,0,0
1,4,148,4060,-93600,57500,5,5,0,3,3,2,0,0,2,0
2,10,222,6720,-64500,0,4,2,1,1,3,2,0,0,2,0
3,14,32,440,0,0,0,6,0,4,3,0,5000000,1,0,0
3,16,78,550,-66500,0,3,3,4,2,3,3,0,2,0,0
2,5,238,4270,-44800,0,2,2,0,5,0,0,4000000,1,0,1
0,15,313,3660,-53300,63900,1,2,4,5,0,3,0,1,1,1
0,14,334,5000,-47200,26700,5,1,1,5,1,0,0,2,2,0
1,18,194,13700,-51300,52500,3,6,6,1,3,2,0,1,0,0
1,3,290,6240,-61400,0,2,3,6,2,0,3,0,1,1,0
0,17,26,5730,-36300,50700,6,5,4,1,3,3,0,0,2,0
1,16,254,5770,-48000,42200,6,5,1,3,3,2,5000000,1,2,0
0,12,199,8080,-53100,0,2,1,6,2,3,2,0,1,0,1
1,13,137,1200,-67400,48500,3,4,6,0,3,1,0,1,1,0
1,11,134,9650,-44500,14100,6,4,6,0,0,0,0,1,2,0
2,15,73,0,0,0,2,6,6,0,2,0,0,0,0,0
3,12,289,300,-72500,46700,5,5,6,5,3,1,0,1,2,0
2,11,176,4300,-50600,32800,1,2,6,4,3,1,5000000,1,2,0
0,17,145,5010,-35900,0,0,0,5,4,2,3,0,1,2,0
3,15,164,480,-55900,44500,0,6,4,0,3,0,0,2,1,0
2,18,186,11460,-60300,39300,5,0,5,0,3,2,0,1,2,1
0,13,85,14880,0,0,4,0,6,0,2,1,9000000,1,2,1
0,0,162,3530,0,45700,0,2,1,2,1,1,0,1,2,1
2,6,270,4630,0,62200,2,1,4,4,0,1,0,1,1,1
0,8,168,3780,-42600,0,5,3,1,3,1,3,0,2,1,1
1,6,274,11700,-47900,54700,3,1,1,4,0,0,0,1,0,1
1,12,263,13220,0,0,5,5,4,1,1,3,0,2,2,0
1,5,152,7510,0,0,2,0,1,0,0,2,0,0,0,1
2,18,46,13100,-66300,43700,4,2,4,0,0,3,0,0,1,1
1,5,276,5710,-70400,0,1,1,4,0,0,2,0,0,1,1
0,8,234,7020,0,0,0,6,0,2,0,0,0,2,1,1
0,5,456,5540,-49500,82600,4,2,3,3,2,3,0,1,1,1
0,15,58,4580,0,57500,2,5,0,3,1,1,5000000,2,2,1
0,13,475,9900,-59500,0,5,1,4,5,1,2,0,2,0,0
0,10,96,5540,-58700,47500,1,6,0,2,0,3,5000000,1,2,1
2,1,99,4990,0,0,4,1,1,5,2,2,0,0,2,0
1,9,38,12480,0,78000,5,4,6,2,0,3,4000000,2,0,0
1,8,259,16280,0,0,5,3,1,0,2,0,0,1,0,0
3,9,241,1300,-36000,0,0,3,3,3,3,0,0,1,1,0
2,7,437,11160,-31400,66100,0,4,4,3,0,0,0,2,0,0
0,14,269,17180,-46400,0,0,5,6,4,0,1,0,0,2,1
1,0,103,790,0,72100,0,1,2,2,3,3,0,2,2,0
2,11,284,6720,0,48200,6,1,6,2,1,0,0,1,0,0
1,12,189,6440,0,0,1,4,5,3,3,0,0,1,2,0
0,14,39,15660,0,0,3,3,4,1,3,1,0,2,0,1
0,6,140,14940,0,0,1,4,5,2,1,3,5000000,1,2,1
0,4,243,10060,-60400,17300,1,2,6,3,1,0,0,0,1,1
0,4,116,4420,0,28600,4,5,4,0,3,0,0,1,0,0
0,14,219,6060,0,51300,2,4,5,2,0,2,0,0,2,0
2,3,96,7120,0,10000,0,5,4,0,0,3,0,1,2,0
2,16,149,16160,-60000,0,6,1,6,5,1,1,0,1,0,0
1,1,246,5070,0,0,3,2,1,0,1,1,6000000,1,2,0
2,8,293,11380,0,51500,4,3,6,4,1,1,0,0,1,0
2,7,339,8640,0,0,3,2,4,4,1,1,0,0,2,0
2,8,160,5280,0,61600,2,5,0,0,0,3,0,2,2,0
1,11,224,9200,-51400,0,1,6,6,3,1,0,0,2,0,0
1,15,385,13520,-61000,0,4,5,6,0,2,3,0,1,1,0
1,9,100,6800,0,67300,1,1,0,1,2,2,6000000,1,1,0
0,2,371,13000,0,79600,6,6,6,1,2,1,0,1,2,1
0,10,175,13020,-43600,0,6,0,4,0,2,2,5000000,2,2,1
0,19,373,6060,0,0,4,0,4,3,2,2,0,1,0,1
0,15,258,6770,-44400,0,5,5,0,4,1,3,0,0,2,1
2,3,255,2930,0,38200,6,6,6,1,1,3,0,1,0,0
2,16,37,6950,0,0,4,3,6,3,1,1,0,2,1,0
0,6,322,9880,-62700,49900,1,4,1,0,1,3,0,0,0,0
2,11,204,16460,-45100,0,4,4,4,5,0,1,0,0,0,0
1,12,76,1460,-44000,39900,0,4,6,1,3,1,5000000,2,2,0
1,12,193,6390,-32300,34200,6,1,1,1,1,0,0,0,0,0
1,9,405,4830,0,57100,6,3,0,4,1,2,0,1,0,0
2,12,435,9220,-40000,0,3,1,1,1,2,1,0,0,1,0
1,10,54,14380,-42100,68500,4,6,5,4,1,0,0,0,2,0
0,6,144,17580,0,0,2,6,6,5,3,0,0,0,0,0
2,19,92,5340,-29100,58900,5,1,6,0,0,3,0,2,2,0
2,1,173,9460,0,51000,1,6,4,4,1,3,0,1,2,0
1,3,436,14920,-65300,67600,2,0,5,5,0,2,0,1,0,0
1,10,155,8060,0,83600,0,4,1,1,0,3,0,1,0,0
1,11,78,5810,0,72600,5,2,1,4,2,1,0,1,2,0
0,13,440,12400,-52100,51500,1,0,4,5,3,3,5000000,0,0,1
0,1,264,13500,0,0,6,1,1,5,2,1,6000000,0,2,1
0,13,66,11920,-60800,21100,1,0,4,5,1,2,0,2,0,1
1,1,366,12780,0,21200,2,0,1,0,3,3,0,2,1,0
2,10,188,5000,0,46300,3,1,4,3,0,0,0,0,2,0
2,17,224,12360,-47100,0,3,5,5,2,1,1,0,2,2,0
0,12,253,5870,0,52900,4,1,1,0,0,0,0,0,0,0
1,15,446,7050,-62100,49900,2,6,5,4,2,0,0,0,2,0
2,12,169,17370,-48500,70600,3,4,4,2,3,1,0,0,2,0
1,18,255,5260,-52600,0,3,4,6,3,1,0,0,1,1,0
1,14,209,8400,0,67800,6,4,5,0,1,1,0,0,1,0
2,10,210,6330,-33100,38700,4,3,1,3,0,3,0,2,1,0
2,13,174,8840,0,0,1,4,6,3,0,1,0,1,0,0
1,19,70,3520,-59400,67200,2,0,6,0,3,0,0,1,1,0
3,11,89,10,-45100,49100,4,4,6,1,3,2,0,0,1,0
1,3,458,6260,0,53000,2,1,6,2,1,1,0,0,2,0
2,16,239,6340,0,0,3,6,0,3,3,0,0,0,0,0
2,8,161,5040,0,60200,6,6,6,1,3,2,0,0,2,0
1,16,446,6740,-15700,0,2,2,0,5,3,1,0,2,2,0
2,7,476,8980,-68200,42800,5,2,6,1,1,2,0,1,1,0
1,18,70,11560,-52300,62400,4,5,0,2,0,3,0,0,0,0
2,5,335,3260,-34800,59900,4,1,6,5,3,0,0,2,0,1
0,6,257,7700,-46900,46100,0,1,1,0,0,1,0,0,2,1
1,7,85,10740,-61500,50400,1,3,1,4,1,0,0,2,0,0
1,2,133,3160,-31700,0,1,5,4,0,1,2,0,2,1,0
0,10,119,8280,0,57100,1,6,2,5,1,1,0,1,2,1
1,15,169,7740,-57600,0,3,0,5,1,1,0,0,0,0,0
2,6,84,4770,0,0,0,3,1,0,2,2,7000000,2,0,1
2,8,169,4200,-36800,0,2,5,5,0,3,3,0,0,0,0
2,11,124,5770,0,29300,5,1,1,5,0,1,0,0,0,0
1,10,320,4680,-41700,46300,1,4,6,1,1,0,7000000,1,2,0
2,12,297,5550,-59500,0,4,1,6,4,1,3,7000000,1,0,0
0,15,421,16860,-81100,49500,5,2,1,3,0,3,4000000,0,2,1
1,13,136,3070,0,37900,6,4,0,1,1,1,0,1,0,0
0,19,46,11320,0,46800,2,4,1,4,1,0,4000000,1,2,0
1,18,95,3480,0,48900,1,0,4,4,3,3,0,1,0,0
1,11,140,7950,0,43200,3,5,1,1,2,0,0,1,2,0
2,1,200,5600,0,0,1,0,1,2,3,2,3000000,1,2,0
1,5,123,16280,-44200,64800,5,0,0,1,0,0,0,1,1,1
1,11,290,4800,0,32500,5,2,6,3,0,1,0,2,0,0
0,7,45,10440,0,0,1,0,4,5,1,1,0,1,0,0
1,7,186,12300,-111100,80900,3,6,1,4,0,3,0,1,2,0
2,0,135,15640,-69600,0,3,3,0,2,1,2,0,1,1,0
0,3,110,13800,0,0,0,3,5,0,0,3,0,1,2,1
2,11,259,6340,-58300,0,6,3,1,3,2,2,0,2,0,0
1,6,404,5310,-63700,0,5,2,5,1,0,0,4000000,1,2,1
2,7,57,14580,-54100,63100,5,5,5,3,0,1,0,2,0,0
2,4,215,7070,0,0,6,0,4,4,3,1,0,1,0,0
1,3,140,5470,0,100500,1,1,4,5,2,0,0,0,0,0
0,13,250,13600,-40700,69500,2,1,4,0,2,1,0,0,1,1
3,13,286,820,0,25800,1,3,6,5,3,0,0,1,2,0
1,4,356,5590,0,0,2,1,4,0,2,3,0,1,0,0
1,14,187,8200,0,59500,6,0,1,1,1,0,0,2,0,0
1,4,386,12120,0,36800,3,3,6,1,3,3,0,1,2,0
0,1,197,15280,-64500,0,6,4,0,1,3,2,0,2,2,1
2,11,166,10600,0,0,4,5,3,1,0,1,0,1,1,0
2,16,293,5210,0,34900,3,5,4,0,3,1,0,0,1,0
1,12,179,5900,0,0,6,0,1,3,1,1,0,2,0,0
2,13,76,14940,0,0,4,5,6,0,0,1,0,1,1,0
0,9,105,12100,0,0,0,5,4,3,1,2,0,1,2,0
2,5,97,7720,-72100,0,5,5,0,4,2,3,0,1,2,1
2,10,148,5550,0,55100,4,4,3,3,3,0,5000000,2,2,0
0,12,77,12560,0,49700,3,2,1,2,3,0,0,1,2,1
2,16,126,11300,0,0,3,3,6,2,3,1,0,1,0,0
1,15,132,1120,-31900,43100,6,5,4,5,3,1,0,1,1,0
2,11,257,21330,0,52100,3,3,5,2,3,1,0,0,0,0
0,12,185,9340,0,0,6,0,4,0,1,1,0,1,1,1
0,15,234,10320,-48800,0,0,4,4,3,3,2,0,1,2,0
1,15,233,5430,0,0,3,4,4,4,1,0,0,2,1,0
1,15,274,860,0,0,3,6,6,0,3,1,0,2,2,0
0,4,297,6870,-71400,0,5,6,1,5,2,2,0,2,0,1
1,18,273,7960,0,59600,0,4,5,3,3,3,0,2,1,0
0,5,147,6240,0,0,5,1,4,3,0,1,0,2,0,1
2,9,285,5270,-79400,63100,0,2,5,1,1,3,0,0,0,0
1,0,289,7620,0,0,0,5,1,1,1,3,0,2,1,0
0,2,427,12980,-54400,0,4,6,1,3,0,2,7000000,0,1,1
3,3,380,570,0,0,0,3,0,5,3,3,6000000,1,0,0
2,9,13,8630,-75000,0,0,2,1,1,3,0,0,0,2,0
0,18,282,4680,0,75800,4,3,4,1,0,2,0,1,1,1
2,14,312,7040,-51800,66900,4,3,1,5,1,3,0,2,2,0
1,5,266,7590,-41400,0,0,2,6,0,1,3,0,0,1,0
2,9,30,5790,-63500,0,1,4,6,5,3,2,0,2,2,0
2,11,198,5490,0,0,2,6,4,3,1,3,0,1,1,0
1,15,290,6620,0,54400,0,3,6,3,1,1,0,2,0,0
1,15,260,10680,0,35000,4,1,1,0,1,1,0,0,0,0
1,7,233,8500,0,0,1,4,4,2,2,3,0,1,2,0
2,3,130,8900,-40800,0,6,1,4,3,2,3,0,2,2,0
1,9,230,10700,-45300,0,4,3,1,3,2,2,0,0,1,0
1,9,212,8240,0,73200,5,4,1,0,2,2,0,2,0,0
1,3,299,6780,-48800,0,1,6,6,2,0,0,0,2,2,0
1,18,91,7420,0,52700,0,0,4,2,2,2,0,1,0,0
2,0,398,5270,0,21500,0,2,6,4,1,1,0,0,2,0
0,14,218,13640,-64500,61100,0,2,4,2,1,3,0,1,1,1
1,8,152,7100,0,0,3,2,1,0,1,0,0,0,1,0
2,16,212,11860,-58900,60300,3,5,1,1,0,3,0,0,0,0
1,5,242,6690,-61600,0,1,6,4,2,2,2,6000000,2,1,1
0,16,80,3710,-51000,0,3,0,2,0,3,3,0,2,1,1
2,16,260,15080,-72100,54500,3,5,1,1,1,0,0,0,1,0
0,5,290,5850,0,38500,0,2,1,5,0,0,0,0,0,1
0,11,322,7680,-46000,0,6,2,6,3,0,2,0,1,0,0
1,15,228,6610,0,35200,3,5,0,0,2,0,0,2,1,0
0,0,195,4420,0,0,4,0,4,4,0,2,8000000,0,0,1
3,15,247,770,-49300,0,5,6,6,4,3,2,0,0,1,0
2,8,405,10240,0,46300,4,3,1,2,2,3,4000000,2,2,0
0,17,144,5440,0,73700,6,1,4,1,1,3,0,1,1,1
2,14,338,9760,0,0,4,0,0,2,2,1,4000000,2,2,0
0,18,121,6730,0,0,4,4,5,5,1,1,0,2,1,1
0,16,398,3340,-49700,66200,4,2,5,5,1,3,0,1,1,1
2,7,9,15580,0,0,2,4,1,1,3,0,0,0,0,0
0,3,115,0,0,0,0,5,6,1,0,3,0,2,0,1
1,13,280,10220,-72000,0,3,2,6,1,1,2,0,1,2,0
2,13,254,13280,0,59800,3,1,0,0,3,0,0,1,0,0
2,8,141,6860,0,78800,2,5,4,2,1,0,0,1,1,0
0,5,381,12120,0,35900,4,4,4,5,1,2,0,2,1,0
0,17,191,10240,0,0,5,2,5,1,0,0,0,0,2,0
2,17,145,9500,0,0,3,3,0,2,0,0,0,0,2,0
2,4,479,5390,-44800,0,4,0,4,2,2,3,0,2,0,0
0,2,156,11040,0,26500,2,3,6,3,1,3,0,0,0,1
1,17,178,11760,0,0,3,6,1,3,3,0,0,0,2,0
0,1,237,0,0,53200,6,4,6,0,3,1,0,1,0,0
2,18,1,6940,0,61200,0,1,1,0,2,3,0,1,0,0
2,17,5,4050,0,0,2,4,1,3,3,0,5000000,1,0,0
1,16,64,5000,-51800,56800,3,5,4,2,1,1,0,2,2,0
1,1,142,11220,-63700,66400,6,5,6,5,2,3,0,2,2,0
2,12,97,8410,-49300,56700,2,5,5,0,2,1,0,2,2,0
0,13,121,6430,0,51300,0,3,5,2,1,2,0,0,1,1
0,4,225,6440,-20900,0,3,1,4,3,3,0,0,0,2,0
1,13,425,16180,-39100,42900,2,3,6,0,1,2,0,1,1,0
1,0,285,500,0,52600,4,4,6,1,3,0,0,1,1,0
2,16,192,3070,-50300,65100,5,3,4,1,2,2,0,2,0,0
1,7,285,3720,0,46100,1,6,3,5,3,2,0,0,1,0
2,11,98,14540,-30900,0,3,3,6,2,3,1,0,2,0,0
0,11,175,3880,-52500,44900,5,3,0,1,3,1,0,2,2,1
1,12,259,7980,0,30100,4,6,6,1,1,1,0,2,1,0
0,6,140,14560,-67000,0,3,5,1,3,1,2,0,2,0,0
0,5,231,0,0,0,2,2,4,5,1,0,0,1,2,1
0,5,229,10440,0,65400,6,1,1,1,2,3,3000000,1,1,0
1,8,180,12660,0,0,1,4,1,5,0,1,0,0,2,0
1,5,188,13820,-68800,0,2,2,1,3,3,0,0,1,1,1
2,0,214,8040,-43500,57700,3,4,6,1,2,0,0,0,1,0
1,4,178,5200,0,0,1,4,1,5,2,3,0,1,0,0
1,14,55,560,0,0,4,1,6,5,3,3,8000000,2,0,0
2,10,90,13780,0,42100,6,2,4,1,2,0,0,1,1,0
1,16,135,5940,-46500,37100,4,5,6,5,0,1,0,2,0,0
1,18,277,430,-65500,0,0,0,5,0,3,3,0,1,2,0
2,18,211,8320,0,0,5,1,1,3,1,3,0,1,0,1
0,3,156,6790,0,0,5,4,1,4,2,3,0,1,1,1
3,14,84,420,-15900,0,0,6,5,2,3,3,0,2,1,0
0,19,136,10000,0,0,3,0,4,1,3,0,0,0,0,1
0,17,310,13200,0,11000,3,6,4,4,3,2,0,0,0,1
2,17,123,6140,-61200,16100,1,1,3,0,1,1,0,2,1,0
1,14,243,5140,0,33200,3,6,0,2,2,1,0,1,2,0
1,15,36,5420,-59800,0,5,1,1,0,0,3,0,2,1,0
0,4,146,5820,0,0,1,5,5,3,0,3,5000000,0,1,0
2,6,154,13520,-43900,53100,3,2,6,0,2,3,0,0,2,1
1,14,204,5340,-20800,44000,2,4,1,2,3,0,7000000,1,1,0
2,10,458,14360,0,31400,2,2,5,5,3,2,0,0,2,0
0,8,147,8530,0,51900,6,4,1,3,2,0,6000000,1,0,1
0,3,279,11100,-30700,61100,4,0,4,4,2,0,6000000,1,1,1
0,8,284,8520,0,47900,6,1,1,0,1,0,0,2,0,0
1,3,421,15700,0,69900,0,0,0,3,3,0,0,1,0,0
2,12,266,7870,-49700,12800,0,4,4,3,3,3,0,2,1,0
2,19,412,15120,-66100,0,2,6,4,3,3,2,0,1,0,0
0,10,31,5300,-87300,46800,3,2,6,5,1,0,4000000,0,2,1
1,2,465,4840,0,0,5,1,6,3,2,3,6000000,1,0,0
2,8,126,13520,-45800,42300,5,2,6,1,3,1,0,1,1,0
2,3,407,11360,-57700,0,6,0,6,5,3,3,5000000,0,2,0
2,15,187,5770,0,60100,5,5,0,1,0,3,5000000,2,0,0
2,17,252,14920,0,0,3,3,5,3,2,2,0,2,0,0
1,19,246,5020,-36600,0,3,4,6,2,0,3,0,1,0,0
2,12,190,9020,-50000,61900,3,5,1,4,2,0,0,1,0,0
2,9,95,15120,-48600,67800,5,6,4,1,3,3,0,2,0,0
1,16,205,15660,0,0,2,1,6,2,3,1,4000000,0,2,0
0,17,41,9600,0,35400,5,2,0,5,1,3,0,0,1,0
1,12,137,600,-45300,0,2,2,5,0,3,0,0,2,0,0
1,2,194,11440,0,67800,3,3,1,0,0,2,0,0,1,0
3,3,128,1380,-48800,0,0,1,5,0,3,0,0,1,2,0
2,2,150,12320,-89400,30400,6,0,5,4,3,2,0,2,0,0
1,16,104,960,-70100,0,4,5,6,2,3,0,0,0,0,0
1,6,163,390,-36400,0,2,6,6,3,3,1,4000000,2,2,1
1,4,80,9040,0,64600,5,0,4,2,2,0,0,0,0,0
1,11,65,6290,0,0,4,1,0,3,2,0,5000000,1,0,0
0,0,179,5420,0,53800,0,0,0,3,3,2,6000000,0,1,1
0,13,372,5180,0,0,4,3,1,2,3,2,0,2,2,0
3,12,398,600,0,69400,2,3,4,4,3,3,0,1,2,0
2,12,213,13480,-77700,58500,4,4,4,0,1,0,0,1,2,0
2,13,79,13560,-35200,53400,0,3,5,1,1,1,0,2,2,0
0,8,232,5540,0,25800,1,3,1,5,1,1,0,1,1,1
0,15,230,9820,-51500,0,6,1,4,3,0,3,0,2,2,1
0,18,234,15120,-78600,59400,3,5,4,5,3,1,0,0,2,1
2,14,240,6050,-70900,0,3,3,5,3,1,2,9000000,0,0,0
0,2,143,14080,-5700,38400,0,0,6,4,1,2,0,2,2,0
0,2,266,4440,-49600,0,0,6,6,2,0,1,4000000,0,1,1
2,9,89,15380,0,27600,2,1,1,4,2,3,0,1,2,0
2,0,229,9920,-55400,0,5,1,1,1,2,2,0,2,0,0
1,4,245,7470,0,39300,6,3,2,4,0,2,0,2,0,0
2,3,50,6110,-65800,0,1,3,1,4,3,2,0,1,1,0
1,6,230,5190,0,28900,2,0,1,2,3,3,0,2,0,1
3,10,17,430,-80800,32500,3,0,4,4,3,1,0,1,2,0
2,6,163,5710,-49900,55700,4,6,6,0,0,1,0,1,2,0
0,0,29,7690,-21500,0,2,1,6,5,2,2,0,0,0,0
1,11,232,15400,-58400,0,1,5,6,1,2,3,0,0,2,1
0,19,235,9280,0,0,3,2,0,2,2,3,4000000,2,0,1
1,7,295,12140,0,0,2,1,1,5,1,1,0,0,1,0
2,12,22,5920,-54000,37500,2,0,4,0,3,2,0,1,1,0
1,12,286,3810,-32800,77500,4,4,1,4,1,2,3000000,0,2,0
2,1,257,0,-32200,59400,4,5,6,2,2,1,0,0,0,0
0,4,94,3670,0,50300,4,6,2,0,1,2,0,0,1,0
2,4,124,6020,-32100,0,4,2,2,0,2,1,0,1,0,0
1,13,3,17440,0,0,5,4,0,4,1,1,0,2,0,0
0,17,285,18080,0,70900,6,3,4,5,1,3,0,0,2,0
1,3,130,7500,0,35100,5,0,0,2,3,3,3000000,1,2,0
0,0,458,5220,0,0,0,0,1,5,2,1,5000000,2,0,0
1,11,456,460,0,0,0,1,6,0,3,3,0,1,0,0
